projectDescriptionID,trapVisitID,siteName,subSiteName,visitTime,visitType,fishProcessed,trapFunctioning,counterAtEnd,rpmRevolutionsAtStart,rpmRevolutionsAtEnd,includeCatch,discharge,waterVel,waterTemp,turbidity
11,3581,Parrott-Phelan canal trap box,canal trap box,2026-01-01T09:15:32Z,End trapping,Processed fish,Trap stopped functioning,,,,Yes,960.0,,9.69999980926514,4.78000020980835
11,3582,Parrott-Phelan canal trap box,canal trap box,2026-01-06T08:45:57Z,Start trap & begin trapping,N/A; not a sampling visit,Trap not in service,,,,Yes,3487.0,,10.1999998092651,13.6800003051758
11,3583,Parrott-Phelan canal trap box,canal trap box,2026-01-07T08:45:55Z,Continue trapping,Processed fish,Trap functioning normally,,,,Yes,2308.0,,10.1999998092651,7.94999980926514
11,3584,Parrott-Phelan canal trap box,canal trap box,2026-01-08T08:45:58Z,Continue trapping,Processed fish,Trap functioning normally,,,,Yes,1702.0,,8.60000038146973,4.84000015258789
11,3585,Parrott-Phelan canal trap box,canal trap box,2026-01-09T09:45:11Z,Continue trapping,Processed fish,Trap functioning normally,,,,Yes,1312.0,,7.80000019073486,3.75
11,3586,Parrott-Phelan canal trap box,canal trap box,2026-01-10T09:00:33Z,Continue trapping,Processed fish,Trap functioning normally,,,,Yes,1130.0,,7.59999990463257,3.27999997138977
11,3587,Parrott-Phelan canal trap box,canal trap box,2026-01-11T08:30:39Z,Continue trapping,Processed fish,Trap functioning normally,,,,Yes,980.0,,7.69999980926514,2.73000001907349
11,3588,Parrot-Phelan RST,PP RST,2026-01-12T09:15:52Z,Start trap & begin trapping,N/A; not a sampling visit,Trap not in service,,,5.09999990463257,Yes,869.0,,7.59999990463257,2.32999992370605
11,3589,Parrott-Phelan canal trap box,canal trap box,2026-01-12T08:45:36Z,Continue trapping,Processed fish,Trap functioning normally,,,,Yes,882.0,,7.59999990463257,2.32999992370605
11,3590,Parrott-Phelan canal trap box,canal trap box,2026-01-13T08:45:10Z,Continue trapping,Processed fish,Trap functioning normally,,,,Yes,850.0,,7.69999980926514,2.17000007629395
11,3591,Parrot-Phelan RST,PP RST,2026-01-13T09:00:30Z,Unplanned restart,Processed fish,Trap stopped functioning,,0.0,5.05000019073486,Yes,850.0,,7.69999980926514,2.17000007629395
11,3592,Parrott-Phelan canal trap box,canal trap box,2026-01-14T08:30:59Z,Continue trapping,Processed fish,Trap functioning normally,,,,Yes,789.0,,7.80000019073486,1.87999999523163
11,3593,Parrot-Phelan RST,PP RST,2026-01-14T09:00:30Z,Continue trapping,Processed fish,Trap functioning normally,6660.0,5.30000019073486,4.69999980926514,Yes,783.0,,7.80000019073486,1.87999999523163
11,3594,Parrot-Phelan RST,PP RST,2026-01-15T09:15:00Z,Continue trapping,Processed fish,Trap functioning normally,6506.0,4.65000009536743,4.65000009536743,Yes,751.0,,8.10000038146973,1.74000000953674
11,3595,Parrott-Phelan canal trap box,canal trap box,2026-01-15T08:45:57Z,Continue trapping,Processed fish,Trap functioning normally,,,,Yes,763.0,,8.10000038146973,1.74000000953674
11,3596,Parrott-Phelan canal trap box,canal trap box,2026-01-16T09:00:02Z,Continue trapping,Processed fish,Trap functioning normally,,,,Yes,710.0,,8.30000019073486,1.55999994277954
11,3597,Parrot-Phelan RST,PP RST,2026-01-16T09:30:15Z,Continue trapping,Processed fish,Trap functioning normally,6509.0,4.55000019073486,4.5,Yes,710.0,,8.30000019073486,1.55999994277954
11,3598,Parrott-Phelan canal trap box,canal trap box,2026-01-17T09:15:24Z,Continue trapping,Processed fish,Trap functioning normally,,,,Yes,659.0,,7.80000019073486,1.4099999666214
11,3599,Parrot-Phelan RST,PP RST,2026-01-17T10:15:51Z,Continue trapping,Processed fish,Trap functioning normally,6281.0,4.5,4.65000009536743,Yes,659.0,,7.80000019073486,1.4099999666214
11,3600,Parrot-Phelan RST,PP RST,2026-01-18T09:30:25Z,Continue trapping,Processed fish,Trap functioning normally,5969.0,4.65000009536743,4.69999980926514,Yes,615.0,,8.10000038146973,1.27999997138977
11,3601,Parrott-Phelan canal trap box,canal trap box,2026-01-18T08:30:41Z,Continue trapping,Processed fish,Trap functioning normally,,,,Yes,621.0,,8.10000038146973,1.27999997138977
11,3602,Parrott-Phelan canal trap box,canal trap box,2026-01-19T08:30:37Z,Continue trapping,Processed fish,Trap functioning normally,,,,Yes,568.0,,7.59999990463257,1.1599999666214
11,3603,Parrot-Phelan RST,PP RST,2026-01-19T09:15:41Z,Continue trapping,Processed fish,Trap functioning normally,5401.0,3.95000004768372,4.15000009536743,Yes,557.0,,7.59999990463257,1.1599999666214
11,3604,Parrott-Phelan canal trap box,canal trap box,2026-01-20T08:45:26Z,Continue trapping,Processed fish,Trap functioning normally,,,,Yes,547.0,,7.30000019073486,1.05999994277954
11,3605,Parrot-Phelan RST,PP RST,2026-01-20T09:30:15Z,Continue trapping,Processed fish,Trap functioning normally,5469.0,4.0,4.09999990463257,Yes,547.0,,7.30000019073486,1.05999994277954
11,3606,Parrott-Phelan canal trap box,canal trap box,2026-01-21T08:45:06Z,Continue trapping,Processed fish,Trap functioning normally,,,,Yes,527.0,,8.19999980926514,0.910000026226044
11,3607,Parrot-Phelan RST,PP RST,2026-01-21T11:15:37Z,Continue trapping,Processed fish,Trap functioning normally,5838.0,4.09999990463257,4.09999990463257,Yes,527.0,,8.19999980926514,0.910000026226044
11,3608,Parrot-Phelan RST,PP RST,2026-01-22T09:30:41Z,Continue trapping,Processed fish,Trap functioning normally,5183.0,4.05000019073486,4.0,Yes,487.0,,8.69999980926514,0.819999992847443
11,3609,Parrott-Phelan canal trap box,canal trap box,2026-01-22T09:30:04Z,Continue trapping,Processed fish,Trap functioning normally,,,,Yes,487.0,,8.69999980926514,0.819999992847443
11,3610,Parrott-Phelan canal trap box,canal trap box,2026-01-23T09:00:36Z,Continue trapping,Processed fish,Trap functioning normally,,,,Yes,482.0,,7.69999980926514,0.870000004768372
11,3611,Parrot-Phelan RST,PP RST,2026-01-23T10:30:54Z,Continue trapping,Processed fish,Trap functioning normally,5588.0,4.0,4.34999990463257,Yes,492.0,,7.69999980926514,0.870000004768372
11,3612,Parrott-Phelan canal trap box,canal trap box,2026-01-24T08:45:08Z,Continue trapping,Processed fish,Trap functioning normally,,,,Yes,463.0,,7.09999990463257,0.800000011920929
11,3613,Parrot-Phelan RST,PP RST,2026-01-24T10:30:35Z,Continue trapping,Processed fish,Trap functioning normally,5455.0,3.90000009536743,4.05000019073486,Yes,477.0,,7.09999990463257,0.800000011920929
11,3614,Parrott-Phelan canal trap box,canal trap box,2026-01-25T08:45:30Z,Continue trapping,Processed fish,Trap functioning normally,,,,Yes,435.0,,6.40000009536743,0.759999990463257
11,3615,Parrot-Phelan RST,PP RST,2026-01-25T10:15:19Z,Continue trapping,Processed fish,Trap functioning normally,5079.0,3.75,3.54999995231628,Yes,440.0,,6.40000009536743,0.759999990463257
11,3616,Parrott-Phelan canal trap box,canal trap box,2026-01-26T09:00:10Z,Continue trapping,Processed fish,Trap functioning normally,,,,Yes,430.0,,5.80000019073486,0.709999978542328
11,3617,Parrot-Phelan RST,PP RST,2026-01-26T10:15:05Z,Continue trapping,Processed fish,Trap functioning normally,4963.0,3.75,3.70000004768372,Yes,435.0,,5.80000019073486,0.709999978542328
11,3618,Parrot-Phelan RST,PP RST,2026-01-27T09:45:34Z,Continue trapping,Processed fish,Trap functioning normally,4779.0,3.45000004768372,3.54999995231628,Yes,408.0,,6.0,0.670000016689301
11,3619,Parrott-Phelan canal trap box,canal trap box,2026-01-27T08:45:33Z,Continue trapping,Processed fish,Trap functioning normally,,,,Yes,412.0,,6.0,0.670000016689301
11,3620,Parrott-Phelan canal trap box,canal trap box,2026-01-28T08:45:07Z,Continue trapping,Processed fish,Trap functioning normally,,,,Yes,435.0,,7.40000009536743,0.75
11,3621,Parrot-Phelan RST,PP RST,2026-01-28T09:30:45Z,Continue trapping,Processed fish,Trap functioning normally,4821.0,3.59999990463257,3.75,Yes,430.0,,7.40000009536743,0.75
11,3622,Parrott-Phelan canal trap box,canal trap box,2026-01-29T09:00:42Z,Continue trapping,Processed fish,Trap functioning normally,,,,Yes,408.0,,7.40000009536743,0.649999976158142
11,3624,Parrott-Phelan canal trap box,canal trap box,2026-01-30T08:45:16Z,Continue trapping,Processed fish,Trap functioning normally,,,,Yes,408.0,,7.40000009536743,0.610000014305115
11,3625,Parrot-Phelan RST,PP RST,2026-01-30T09:30:50Z,Continue trapping,Processed fish,Trap functioning normally,4444.0,3.45000004768372,3.29999995231628,Yes,408.0,,7.40000009536743,0.610000014305115
11,3626,Parrot-Phelan RST,PP RST,2026-01-29T10:30:33Z,Continue trapping,Processed fish,Trap functioning normally,5059.0,3.45000004768372,3.34999990463257,Yes,408.0,,7.40000009536743,0.649999976158142
11,3627,Parrott-Phelan canal trap box,canal trap box,2026-01-31T08:30:20Z,Continue trapping,Processed fish,Trap functioning normally,,,,Yes,368.0,,7.09999990463257,0.519999980926514
11,3628,Parrot-Phelan RST,PP RST,2026-01-31T09:30:23Z,Continue trapping,Processed fish,Trap functioning normally,4487.0,3.20000004768372,3.09999990463257,Yes,377.0,,7.09999990463257,0.519999980926514
11,3629,Parrott-Phelan canal trap box,canal trap box,2026-02-01T09:00:36Z,Continue trapping,Processed fish,Trap functioning normally,,,,Yes,373.0,,7.5,0.589999973773956
11,3630,Parrot-Phelan RST,PP RST,2026-02-01T10:00:06Z,Continue trapping,Processed fish,Trap functioning normally,4627.0,3.59999990463257,3.45000004768372,Yes,373.0,,7.5,0.589999973773956
11,3631,Parrott-Phelan canal trap box,canal trap box,2026-02-02T09:00:17Z,Unplanned restart,Processed fish,Trap stopped functioning,,,,Yes,355.0,,7.40000009536743,0.509999990463257
11,3632,Parrot-Phelan RST,PP RST,2026-02-02T10:00:07Z,Continue trapping,Processed fish,Trap functioning normally,4794.0,3.70000004768372,3.25,Yes,368.0,,7.40000009536743,0.509999990463257
11,3633,Parrott-Phelan canal trap box,canal trap box,2026-02-03T09:00:37Z,Continue trapping,Processed fish,Trap functioning normally,,,,Yes,360.0,,7.19999980926514,0.519999980926514
11,3634,Parrot-Phelan RST,PP RST,2026-02-03T10:30:47Z,Continue trapping,Processed fish,Trap functioning normally,4658.0,3.40000009536743,3.45000004768372,Yes,351.0,,7.19999980926514,0.519999980926514
11,3635,Parrott-Phelan canal trap box,canal trap box,2026-02-04T09:00:05Z,Continue trapping,Processed fish,Trap functioning normally,,,,Yes,343.0,,7.09999990463257,0.540000021457672
11,3636,Parrot-Phelan RST,PP RST,2026-02-04T09:30:35Z,Continue trapping,Processed fish,Trap functioning normally,4509.0,3.65000009536743,3.59999990463257,Yes,343.0,,7.09999990463257,0.540000021457672
11,3637,Parrott-Phelan canal trap box,canal trap box,2026-02-05T08:45:12Z,Continue trapping,Processed fish,Trap functioning normally,,,,Yes,323.0,,7.30000019073486,0.5
11,3638,Parrot-Phelan RST,PP RST,2026-02-05T10:00:11Z,Continue trapping,Processed fish,Trap functioning normally,4901.0,3.59999990463257,3.54999995231628,Yes,323.0,,7.30000019073486,0.5
11,3639,Parrott-Phelan canal trap box,canal trap box,2026-02-06T08:30:45Z,Continue trapping,Processed fish,Trap functioning normally,,,,Yes,345.0,,8.0,0.529999971389771
11,3640,Parrot-Phelan RST,PP RST,2026-02-06T10:30:32Z,Continue trapping,Processed fish,Trap functioning normally,5044.0,3.20000004768372,3.5,Yes,341.0,,8.0,0.529999971389771
11,3641,Parrott-Phelan canal trap box,canal trap box,2026-02-07T09:00:39Z,Continue trapping,Processed fish,Trap functioning normally,,,,Yes,337.0,,7.90000009536743,0.449999988079071
11,3642,Parrot-Phelan RST,PP RST,2026-02-07T10:00:02Z,Unplanned restart,Processed fish,Trap stopped functioning,,0.0,3.65000009536743,Yes,328.0,,7.90000009536743,0.449999988079071
11,3643,Parrott-Phelan canal trap box,canal trap box,2026-02-08T09:00:43Z,Continue trapping,Processed fish,Trap functioning normally,,,,Yes,332.0,,8.39999961853027,0.449999988079071
11,3644,Parrot-Phelan RST,PP RST,2026-02-08T10:30:35Z,Continue trapping,Processed fish,Trap functioning normally,4927.0,3.54999995231628,3.84999990463257,Yes,332.0,,8.39999961853027,0.449999988079071
11,3645,Parrott-Phelan canal trap box,canal trap box,2026-02-09T09:00:10Z,Continue trapping,Processed fish,Trap functioning normally,,,,Yes,376.0,,8.19999980926514,0.490000009536743
11,3646,Parrot-Phelan RST,PP RST,2026-02-09T10:00:07Z,Continue trapping,Processed fish,Trap functioning normally,4630.0,3.20000004768372,3.79999995231628,Yes,381.0,,8.19999980926514,0.490000009536743
11,3647,Parrot-Phelan RST,PP RST,2026-02-10T09:00:28Z,Continue trapping,Processed fish,Trap functioning normally,4914.0,4.05000019073486,4.09999990463257,Yes,354.0,,7.80000019073486,0.529999971389771
11,3648,Parrott-Phelan canal trap box,canal trap box,2026-02-10T10:15:02Z,Continue trapping,Processed fish,Trap functioning normally,,,,Yes,350.0,,7.80000019073486,0.529999971389771
11,3649,Parrott-Phelan canal trap box,canal trap box,2026-02-11T08:45:23Z,Continue trapping,Processed fish,Trap functioning normally,,,,Yes,385.0,,8.69999980926514,0.610000014305115
11,3650,Parrot-Phelan RST,PP RST,2026-02-11T09:30:39Z,End trapping,Processed fish,Trap functioning normally,5131.0,3.54999995231628,3.65000009536743,Yes,395.0,,8.69999980926514,0.610000014305115
11,3651,Parrott-Phelan canal trap box,canal trap box,2026-02-12T09:00:37Z,Continue trapping,Processed fish,Trap functioning normally,,,,Yes,466.0,,8.69999980926514,1.42999994754791
11,3652,Parrot-Phelan RST,PP RST,2026-02-12T10:30:45Z,Start trap & begin trapping,N/A; not a sampling visit,Trap not in service,0.0,,3.95000004768372,Yes,466.0,,8.69999980926514,1.42999994754791
11,3653,Parrott-Phelan canal trap box,canal trap box,2026-02-13T09:00:17Z,Continue trapping,Processed fish,Trap functioning normally,,,,Yes,408.0,,8.19999980926514,0.800000011920929
11,3654,Parrot-Phelan RST,PP RST,2026-02-13T10:00:41Z,Continue trapping,Processed fish,Trap functioning normally,4767.0,3.95000004768372,3.75,Yes,404.0,,8.19999980926514,0.800000011920929
11,3655,Parrott-Phelan canal trap box,canal trap box,2026-02-14T08:45:52Z,Continue trapping,Processed fish,Trap functioning normally,,,,Yes,376.0,,8.10000038146973,0.569999992847443
11,3656,Parrot-Phelan RST,PP RST,2026-02-14T09:45:01Z,Continue trapping,Processed fish,Trap functioning normally,4704.0,3.54999995231628,3.5,Yes,390.0,,8.10000038146973,0.569999992847443
11,3657,Parrott-Phelan canal trap box,canal trap box,2026-02-15T09:00:32Z,Continue trapping,Processed fish,Trap functioning normally,,,,Yes,404.0,,8.80000019073486,0.639999985694885
11,3658,Parrot-Phelan RST,PP RST,2026-02-15T09:30:49Z,End trapping,Processed fish,Trap functioning normally,4715.0,3.65000009536743,3.75,Yes,404.0,,8.80000019073486,0.639999985694885
11,3659,Parrott-Phelan canal trap box,canal trap box,2026-02-16T09:30:47Z,Continue trapping,Processed fish,Trap functioning normally,,,,Yes,986.0,,9.0,9.52999973297119
11,3660,Parrott-Phelan canal trap box,canal trap box,2026-02-17T08:45:28Z,Continue trapping,Processed fish,Trap functioning normally,,,,Yes,843.0,,7.80000019073486,3.86999988555908
11,3661,Parrott-Phelan canal trap box,canal trap box,2026-02-18T09:00:46Z,Continue trapping,Processed fish,Trap functioning normally,,,,Yes,703.0,,6.40000009536743,2.40000009536743
11,3662,Parrott-Phelan canal trap box,canal trap box,2026-02-19T09:00:47Z,Continue trapping,Processed fish,Trap functioning normally,,,,Yes,920.0,,6.59999990463257,9.89999961853027
11,3663,Parrott-Phelan canal trap box,canal trap box,2026-02-20T08:30:13Z,Continue trapping,Processed fish,Trap functioning normally,,,,Yes,686.0,,6.19999980926514,2.32999992370605
11,3664,Parrott-Phelan canal trap box,canal trap box,2026-02-21T09:30:01Z,Continue trapping,Processed fish,Trap functioning normally,,,,Yes,590.0,,6.69999980926514,1.42999994754791
11,3665,Parrott-Phelan canal trap box,canal trap box,2026-02-22T09:45:55Z,Continue trapping,Processed fish,Trap functioning normally,,,,Yes,522.0,,7.09999990463257,1.19000005722046
11,3666,Parrott-Phelan canal trap box,canal trap box,2026-02-23T09:00:37Z,Continue trapping,Processed fish,Trap functioning normally,,,,Yes,506.0,,8.10000038146973,1.00999999046326
11,3667,Parrott-Phelan canal trap box,canal trap box,2026-02-24T08:30:41Z,End trapping,Processed fish,Trap functioning normally,,,,Yes,946.0,,9.10000038146973,4.21000003814697
11,3668,Parrott-Phelan canal trap box,canal trap box,2026-02-26T09:45:06Z,Start trap & begin trapping,N/A; not a sampling visit,Trap not in service,,,,Yes,1944.0,,9.39999961853027,7.40999984741211
11,3669,Parrott-Phelan canal trap box,canal trap box,2026-02-27T09:00:17Z,Continue trapping,Processed fish,Trap functioning normally,,,,Yes,1568.0,,9.69999980926514,4.44999980926514
11,3670,Parrott-Phelan canal trap box,canal trap box,2026-02-28T09:00:55Z,Continue trapping,Processed fish,Trap functioning normally,,,,Yes,1377.0,,10.3999996185303,3.25
11,3671,Parrott-Phelan canal trap box,canal trap box,2026-03-01T08:45:48Z,Continue trapping,Processed fish,Trap functioning normally,,,,Yes,1271.0,,10.6000003814697,2.64000010490417
11,3672,Parrott-Phelan canal trap box,canal trap box,2026-03-02T09:15:06Z,Continue trapping,Processed fish,Trap functioning normally,,,,Yes,1168.0,,9.69999980926514,2.23000001907349
11,3673,Parrott-Phelan canal trap box,canal trap box,2026-03-03T09:00:44Z,Continue trapping,Processed fish,Trap functioning normally,,,,Yes,1055.0,,9.19999980926514,1.86000001430511
11,3674,Parrot-Phelan RST,PP RST,2026-03-03T10:00:56Z,Start trap & begin trapping,N/A; not a sampling visit,Trap not in service,,0.0,4.25,Yes,1048.0,,9.19999980926514,1.86000001430511
11,3675,Parrott-Phelan canal trap box,canal trap box,2026-03-04T08:45:19Z,Unplanned restart,Processed fish,Trap functioning but not normally,,,,Yes,993.0,,9.69999980926514,1.70000004768372
11,3676,Parrot-Phelan RST,PP RST,2026-03-04T09:15:22Z,Unplanned restart,No fish were caught,Trap stopped functioning,,,3.59999990463257,Yes,980.0,,9.69999980926514,1.70000004768372
11,3677,Parrott-Phelan canal trap box,canal trap box,2026-03-05T09:00:33Z,Unplanned restart,Processed fish,Trap stopped functioning,,,,Yes,907.0,,8.39999961853027,1.47000002861023
11,3678,Parrot-Phelan RST,PP RST,2026-03-05T09:30:21Z,Unplanned restart,Processed fish,Trap functioning normally,3440.0,3.54999995231628,3.54999995231628,Yes,907.0,,8.39999961853027,1.47000002861023
11,3679,Parrott-Phelan canal trap box,canal trap box,2026-03-06T10:00:49Z,Continue trapping,Processed fish,Trap functioning normally,,,,Yes,824.0,,8.19999980926514,1.25
11,3680,Parrot-Phelan RST,PP RST,2026-03-06T10:00:30Z,Continue trapping,Processed fish,Trap functioning normally,5160.0,3.70000004768372,3.75,Yes,824.0,,8.19999980926514,1.25
11,3681,Parrott-Phelan canal trap box,canal trap box,2026-03-07T09:00:47Z,Continue trapping,Processed fish,Trap functioning normally,,,,Yes,769.0,,8.60000038146973,1.22000002861023
11,3682,Parrot-Phelan RST,PP RST,2026-03-07T09:30:30Z,Continue trapping,Processed fish,Trap functioning normally,4822.0,3.70000004768372,3.75,Yes,763.0,,8.60000038146973,1.22000002861023
11,3683,Parrott-Phelan canal trap box,canal trap box,2026-03-08T08:45:45Z,Continue trapping,Processed fish,Trap functioning normally,,,,Yes,751.0,,9.5,1.13999998569489
11,3684,Parrot-Phelan RST,PP RST,2026-03-08T09:15:30Z,Continue trapping,Processed fish,Trap functioning normally,4856.0,3.59999990463257,3.84999990463257,Yes,751.0,,9.5,1.13999998569489
11,3685,Parrott-Phelan canal trap box,canal trap box,2026-03-09T08:45:52Z,Continue trapping,Processed fish,Trap functioning normally,,,,Yes,721.0,,9.60000038146973,1.13999998569489
11,3686,Parrot-Phelan RST,PP RST,2026-03-09T08:45:03Z,Continue trapping,Processed fish,Trap functioning normally,5110.0,3.95000004768372,3.84999990463257,Yes,721.0,,9.60000038146973,1.13999998569489
11,3687,Parrott-Phelan canal trap box,canal trap box,2026-03-10T08:45:38Z,Continue trapping,Processed fish,Trap functioning normally,,,,Yes,680.0,,9.69999980926514,0.959999978542328
11,3688,Parrot-Phelan RST,PP RST,2026-03-10T09:15:08Z,Continue trapping,Processed fish,Trap functioning normally,5116.0,3.90000009536743,3.79999995231628,Yes,674.0,,9.69999980926514,0.959999978542328
11,3689,Parrott-Phelan canal trap box,canal trap box,2026-03-11T08:45:19Z,Continue trapping,Processed fish,Trap functioning normally,,,,Yes,629.0,,8.69999980926514,0.939999997615814
11,3690,Parrot-Phelan RST,PP RST,2026-03-11T09:00:11Z,Continue trapping,Processed fish,Trap functioning normally,5170.0,4.05000019073486,3.79999995231628,Yes,629.0,,8.69999980926514,0.939999997615814
11,3691,Parrot-Phelan RST,PP RST,2026-03-12T09:00:23Z,Continue trapping,Processed fish,Trap functioning normally,5128.0,3.75,4.0,Yes,596.0,,9.0,0.810000002384186
11,3692,Parrott-Phelan canal trap box,canal trap box,2026-03-12T08:45:14Z,Continue trapping,Processed fish,Trap functioning normally,,,,Yes,607.0,,9.0,0.810000002384186
11,3693,Parrott-Phelan canal trap box,canal trap box,2026-03-13T09:00:11Z,Continue trapping,Processed fish,Trap functioning normally,,,,Yes,585.0,,9.10000038146973,0.800000011920929
11,3694,Parrot-Phelan RST,PP RST,2026-03-13T10:00:26Z,Continue trapping,Processed fish,Trap functioning normally,5449.0,3.65000009536743,3.84999990463257,Yes,590.0,,9.10000038146973,0.800000011920929
11,3695,Parrott-Phelan canal trap box,canal trap box,2026-03-14T08:45:03Z,Continue trapping,Processed fish,Trap functioning normally,,,,Yes,574.0,,9.5,0.720000028610229
11,3696,Parrot-Phelan RST,PP RST,2026-03-14T09:30:13Z,Continue trapping,Processed fish,Trap functioning normally,4991.0,3.79999995231628,3.65000009536743,Yes,569.0,,9.5,0.720000028610229
11,3697,Parrott-Phelan canal trap box,canal trap box,2026-03-15T10:15:16Z,Continue trapping,Processed fish,Trap functioning normally,,,,Yes,553.0,,10.0,0.620000004768372
11,3698,Parrot-Phelan RST,PP RST,2026-03-15T10:45:20Z,Continue trapping,Processed fish,Trap functioning normally,5326.0,3.65000009536743,3.59999990463257,Yes,548.0,,10.0,0.620000004768372
11,3699,Parrot-Phelan RST,PP RST,2026-03-16T09:00:22Z,Continue trapping,Processed fish,Trap stopped functioning,,,3.40000009536743,Yes,537.0,,10.1000003814697,0.819999992847443
11,3700,Parrott-Phelan canal trap box,canal trap box,2026-03-16T08:30:36Z,Continue trapping,Processed fish,Trap functioning normally,,,,Yes,537.0,,10.1000003814697,0.819999992847443
11,3701,Parrot-Phelan RST,PP RST,2026-03-17T09:30:31Z,Continue trapping,Processed fish,Trap functioning normally,5017.0,3.84999990463257,3.75,Yes,537.0,,10.8000001907349,0.689999997615814
11,3702,Parrott-Phelan canal trap box,canal trap box,2026-03-17T09:00:28Z,Continue trapping,Processed fish,Trap functioning normally,,,,Yes,537.0,,10.8000001907349,0.689999997615814
11,3703,Parrott-Phelan canal trap box,canal trap box,2026-03-18T08:45:32Z,Continue trapping,Processed fish,Trap functioning normally,,,,Yes,527.0,,11.3999996185303,0.709999978542328
11,3704,Parrot-Phelan RST,PP RST,2026-03-18T09:15:50Z,Continue trapping,Processed fish,Trap functioning normally,4968.0,3.5,4.0,Yes,542.0,,11.3999996185303,0.709999978542328
11,3705,Parrott-Phelan canal trap box,canal trap box,2026-03-19T07:45:27Z,Continue trapping,Processed fish,Trap functioning normally,,,,Yes,532.0,,11.8000001907349,0.730000019073486
11,3706,Parrot-Phelan RST,PP RST,2026-03-19T08:00:40Z,Continue trapping,Processed fish,Trap functioning normally,4740.0,3.95000004768372,4.0,Yes,522.0,,11.8000001907349,0.730000019073486
11,3707,Parrott-Phelan canal trap box,canal trap box,2026-03-20T08:45:37Z,Continue trapping,Processed fish,Trap functioning normally,,,,Yes,516.0,,11.6999998092651,0.720000028610229
11,3708,Parrot-Phelan RST,PP RST,2026-03-20T09:45:22Z,Continue trapping,Processed fish,Trap functioning normally,,3.75,3.90000009536743,Yes,511.0,,11.6999998092651,0.720000028610229
11,3709,Parrot-Phelan RST,PP RST,2026-03-21T08:45:39Z,Continue trapping,Processed fish,Trap functioning but not normally,4774.0,3.90000009536743,3.65000009536743,Yes,496.0,,12.1999998092651,0.759999990463257
11,3710,Parrott-Phelan canal trap box,canal trap box,2026-03-21T08:15:07Z,Continue trapping,Processed fish,Trap functioning normally,,,,Yes,501.0,,12.1999998092651,0.759999990463257
11,3711,Parrot-Phelan RST,PP RST,2026-03-22T08:45:14Z,Continue trapping,Processed fish,Trap functioning normally,4867.0,3.59999990463257,3.40000009536743,Yes,501.0,,12.1000003814697,0.689999997615814
11,3712,Parrott-Phelan canal trap box,canal trap box,2026-03-22T08:30:10Z,Continue trapping,Processed fish,Trap functioning normally,,,,Yes,491.0,,12.1000003814697,0.689999997615814
11,3713,Parrott-Phelan canal trap box,canal trap box,2026-03-23T09:45:03Z,Continue trapping,Processed fish,Trap functioning normally,,,,Yes,466.0,,12.3000001907349,0.550000011920929
11,3714,Parrot-Phelan RST,PP RST,2026-03-23T10:00:34Z,Continue trapping,Processed fish,Trap functioning normally,5067.0,3.84999990463257,3.59999990463257,Yes,466.0,,12.3000001907349,0.550000011920929
11,3715,Parrott-Phelan canal trap box,canal trap box,2026-03-24T13:00:36Z,Continue trapping,Processed fish,Trap functioning normally,,,,Yes,456.0,,12.8999996185303,1.9099999666214
11,3716,Parrot-Phelan RST,PP RST,2026-03-24T13:00:59Z,Continue trapping,Processed fish,Trap functioning normally,5545.0,4.25,3.84999990463257,Yes,456.0,,12.8999996185303,1.9099999666214
11,3717,Parrott-Phelan canal trap box,canal trap box,2026-03-25T08:45:43Z,Continue trapping,Processed fish,Trap functioning normally,,,,Yes,427.0,,11.1700000762939,0.200000002980232
11,3718,Parrot-Phelan RST,PP RST,2026-03-25T09:00:01Z,Continue trapping,Processed fish,Trap functioning normally,,3.84999990463257,3.29999995231628,Yes,432.0,,11.2200002670288,0.200000002980232
11,3719,Parrott-Phelan canal trap box,canal trap box,2026-03-26T08:30:48Z,Continue trapping,Processed fish,Trap functioning normally,,,,Yes,432.0,,11.1999998092651,0.340000003576279
11,3720,Parrot-Phelan RST,PP RST,2026-03-26T08:45:37Z,Continue trapping,Processed fish,Trap functioning normally,4650.0,3.29999995231628,3.59999990463257,Yes,423.0,,11.1999998092651,0.340000003576279
11,3721,Parrott-Phelan canal trap box,canal trap box,2026-03-27T09:00:47Z,Continue trapping,Processed fish,Trap functioning normally,,,,Yes,399.0,,11.5,0.629999995231628
11,3722,Parrot-Phelan RST,PP RST,2026-03-27T09:30:13Z,Continue trapping,Processed fish,Trap functioning normally,3699.0,3.5,3.45000004768372,Yes,399.0,,11.5,0.629999995231628
11,3723,Parrott-Phelan canal trap box,canal trap box,2026-03-28T09:00:25Z,Continue trapping,Processed fish,Trap functioning normally,,,,Yes,385.0,,11.3999996185303,0.509999990463257
11,3724,Parrot-Phelan RST,PP RST,2026-03-28T09:45:26Z,Continue trapping,Processed fish,Trap functioning normally,5486.0,3.65000009536743,3.20000004768372,Yes,376.0,,11.3999996185303,0.509999990463257
11,3725,Parrott-Phelan canal trap box,canal trap box,2026-03-29T09:45:22Z,Continue trapping,Processed fish,Trap functioning normally,,,,Yes,367.0,,11.8999996185303,0.46000000834465
11,3726,Parrot-Phelan RST,PP RST,2026-03-29T10:15:23Z,Continue trapping,Processed fish,Trap functioning normally,4694.0,3.45000004768372,3.09999990463257,Yes,372.0,,11.8999996185303,0.46000000834465
11,3727,Parrott-Phelan canal trap box,canal trap box,2026-03-30T09:00:26Z,Continue trapping,Processed fish,Trap functioning normally,,,,Yes,363.0,,12.1000003814697,0.479999989271164
11,3728,Parrot-Phelan RST,PP RST,2026-03-30T09:30:48Z,Continue trapping,Processed fish,Trap functioning normally,4369.0,3.40000009536743,3.25,Yes,363.0,,12.1000003814697,0.479999989271164
11,3729,Parrott-Phelan canal trap box,canal trap box,2026-03-31T08:30:08Z,Continue trapping,Processed fish,Trap functioning normally,,,,Yes,283.0,,12.8000001907349,0.540000021457672
11,3730,Parrot-Phelan RST,PP RST,2026-03-31T09:00:05Z,Continue trapping,Processed fish,Trap functioning normally,4440.0,3.34999990463257,3.40000009536743,Yes,291.0,,12.8000001907349,0.540000021457672
11,3731,Parrott-Phelan canal trap box,canal trap box,2026-04-01T12:15:09Z,Continue trapping,Processed fish,Trap functioning normally,,,,Yes,390.0,,12.1999998092651,0.75
11,3732,Parrot-Phelan RST,PP RST,2026-04-01T12:30:16Z,Continue trapping,Processed fish,Trap functioning normally,5163.0,3.29999995231628,3.29999995231628,Yes,390.0,,12.1999998092651,0.75
11,3733,Parrott-Phelan canal trap box,canal trap box,2026-04-02T08:30:21Z,Continue trapping,Processed fish,Trap functioning normally,,,,Yes,674.0,,10.1000003814697,2.55999994277954
11,3734,Parrot-Phelan RST,PP RST,2026-04-02T09:00:33Z,Continue trapping,Processed fish,Trap functioning normally,4137.0,3.5,3.70000004768372,Yes,674.0,,10.1000003814697,2.55999994277954
11,3735,Parrott-Phelan canal trap box,canal trap box,2026-04-03T08:45:58Z,Continue trapping,Processed fish,Trap functioning normally,,,,Yes,404.0,,8.89999961853027,0.879999995231628
11,3736,Parrot-Phelan RST,PP RST,2026-04-03T09:30:31Z,Continue trapping,Processed fish,Trap functioning normally,4785.0,3.70000004768372,3.40000009536743,Yes,404.0,,8.89999961853027,0.879999995231628
11,3737,Parrott-Phelan canal trap box,canal trap box,2026-04-04T08:45:02Z,Continue trapping,Processed fish,Trap functioning normally,,,,Yes,341.0,,9.5,0.620000004768372
11,3738,Parrot-Phelan RST,PP RST,2026-04-04T09:45:50Z,Continue trapping,Processed fish,Trap functioning normally,4564.0,3.29999995231628,3.34999990463257,Yes,341.0,,9.5,0.620000004768372
11,3739,Parrot-Phelan RST,PP RST,2026-04-05T09:00:01Z,Continue trapping,Processed fish,Trap functioning normally,4520.0,3.54999995231628,3.5,Yes,316.0,,10.6999998092651,0.540000021457672
11,3740,Parrott-Phelan canal trap box,canal trap box,2026-04-05T08:30:54Z,Continue trapping,Processed fish,Trap functioning normally,,,,Yes,311.0,,10.6999998092651,0.540000021457672
11,3741,Parrot-Phelan RST,PP RST,2026-04-06T09:00:18Z,Continue trapping,Processed fish,Trap functioning normally,4481.0,3.45000004768372,3.45000004768372,Yes,295.0,,11.3000001907349,0.519999980926514
11,3742,Parrott-Phelan canal trap box,canal trap box,2026-04-06T08:45:09Z,Continue trapping,Processed fish,Trap functioning normally,,,,Yes,295.0,,11.3000001907349,0.519999980926514
11,3743,Parrott-Phelan canal trap box,canal trap box,2026-04-07T08:15:56Z,Continue trapping,Processed fish,Trap functioning normally,,,,Yes,283.0,,11.6000003814697,0.649999976158142
11,3744,Parrot-Phelan RST,PP RST,2026-04-07T08:45:45Z,Continue trapping,Processed fish,Trap functioning normally,4661.0,3.40000009536743,3.40000009536743,Yes,283.0,,11.6000003814697,0.649999976158142
11,3745,Parrott-Phelan canal trap box,canal trap box,2026-04-08T09:00:30Z,Continue trapping,Processed fish,Trap functioning normally,,,,Yes,267.0,,12.0,0.509999990463257
11,3746,Parrot-Phelan RST,PP RST,2026-04-08T09:30:27Z,Continue trapping,Processed fish,Trap functioning normally,4582.0,3.25,3.34999990463257,Yes,271.0,,12.0,0.509999990463257
11,3747,Parrott-Phelan canal trap box,canal trap box,2026-04-09T08:45:03Z,Continue trapping,Processed fish,Trap functioning normally,,,,Yes,267.0,,12.8999996185303,0.550000011920929
11,3748,Parrot-Phelan RST,PP RST,2026-04-09T09:15:41Z,Continue trapping,Processed fish,Trap functioning normally,4376.0,3.34999990463257,3.25,Yes,271.0,,12.8999996185303,0.550000011920929
11,3749,Parrott-Phelan canal trap box,canal trap box,2026-04-10T08:45:17Z,Continue trapping,Processed fish,Trap functioning normally,,,,Yes,267.0,,13.3000001907349,0.529999971389771
11,3750,Parrot-Phelan RST,PP RST,2026-04-10T09:15:22Z,Continue trapping,Processed fish,Trap functioning normally,4431.0,3.15000009536743,3.29999995231628,Yes,267.0,,13.3000001907349,0.529999971389771
11,3751,Parrott-Phelan canal trap box,canal trap box,2026-04-11T09:30:25Z,Continue trapping,Processed fish,Trap functioning normally,,,,Yes,385.0,,12.3000001907349,1.04999995231628
11,3752,Parrot-Phelan RST,PP RST,2026-04-11T10:00:46Z,End trapping,Processed fish,Trap functioning normally,4419.0,3.0,0.0,Yes,390.0,,12.3000001907349,1.04999995231628
11,3753,Parrott-Phelan canal trap box,canal trap box,2026-04-12T09:00:39Z,Continue trapping,Processed fish,Trap functioning normally,,,,Yes,830.0,,9.89999961853027,5.86999988555908
11,3754,Parrott-Phelan canal trap box,canal trap box,2026-04-13T09:45:26Z,Continue trapping,Processed fish,Trap functioning normally,,,,Yes,793.0,,9.30000019073486,3.09999990463257
11,3755,Parrot-Phelan RST,PP RST,2026-04-13T10:15:57Z,Start trap & begin trapping,N/A; not a sampling visit,Trap not in service,,,4.09999990463257,Yes,787.0,,9.30000019073486,3.09999990463257
11,3756,Parrott-Phelan canal trap box,canal trap box,2026-04-14T09:00:50Z,Continue trapping,Processed fish,Trap functioning normally,,,,Yes,669.0,,9.89999961853027,1.6599999666214
11,3757,Parrot-Phelan RST,PP RST,2026-04-14T09:30:57Z,Continue trapping,Processed fish,Trap functioning normally,5460.0,4.0,3.84999990463257,Yes,657.0,,9.89999961853027,1.6599999666214
11,3758,Parrott-Phelan canal trap box,canal trap box,2026-04-15T08:30:37Z,Continue trapping,Processed fish,Trap functioning normally,,,,Yes,569.0,,10.1000003814697,1.05999994277954
11,3759,Parrot-Phelan RST,PP RST,2026-04-15T09:00:58Z,Continue trapping,Processed fish,Trap functioning normally,5134.0,3.75,3.84999990463257,Yes,574.0,,10.1000003814697,1.05999994277954
11,3760,Parrott-Phelan canal trap box,canal trap box,2026-04-16T09:00:17Z,Continue trapping,Processed fish,Trap functioning normally,,,,Yes,511.0,,10.3000001907349,0.790000021457672
11,3761,Parrot-Phelan RST,PP RST,2026-04-16T09:15:08Z,Continue trapping,Processed fish,Trap functioning normally,4961.0,3.59999990463257,3.5,Yes,516.0,,10.3000001907349,0.790000021457672
11,3762,Parrott-Phelan canal trap box,canal trap box,2026-04-17T09:00:39Z,Continue trapping,Processed fish,Trap functioning normally,,,,Yes,451.0,,9.5,0.670000016689301
11,3763,Parrot-Phelan RST,PP RST,2026-04-17T09:30:17Z,Continue trapping,Processed fish,Trap functioning normally,4401.0,3.45000004768372,3.54999995231628,Yes,451.0,,9.5,0.670000016689301
11,3764,Parrott-Phelan canal trap box,canal trap box,2026-04-18T09:00:41Z,Continue trapping,Processed fish,Trap functioning normally,,,,Yes,404.0,,9.80000019073486,0.569999992847443
11,3765,Parrot-Phelan RST,PP RST,2026-04-18T09:15:40Z,Continue trapping,Processed fish,Trap functioning normally,,3.25,3.34999990463257,Yes,404.0,,9.80000019073486,0.569999992847443
11,3766,Parrott-Phelan canal trap box,canal trap box,2026-04-19T08:15:18Z,Continue trapping,Processed fish,Trap functioning normally,,,,Yes,390.0,,10.8000001907349,0.649999976158142
11,3767,Parrot-Phelan RST,PP RST,2026-04-19T08:45:54Z,Continue trapping,Processed fish,Trap functioning normally,4275.0,3.29999995231628,3.34999990463257,Yes,385.0,,10.8000001907349,0.649999976158142
11,3768,Parrot-Phelan RST,PP RST,2026-04-20T09:15:10Z,End trapping,Processed fish,Trap functioning normally,4621.0,3.5,,Yes,363.0,,11.5,0.600000023841858
11,3769,Parrott-Phelan canal trap box,canal trap box,2026-04-20T09:00:48Z,Continue trapping,Processed fish,Trap functioning normally,,,,Yes,363.0,,11.5,0.600000023841858
11,3770,Parrott-Phelan canal trap box,canal trap box,2026-04-21T09:00:24Z,Continue trapping,Processed fish,Trap functioning normally,,,,Yes,618.0,,11.0,3.85999989509583
11,3771,Parrott-Phelan canal trap box,canal trap box,2026-04-22T08:30:01Z,Continue trapping,Processed fish,Trap functioning normally,,,,Yes,733.0,,10.1999998092651,2.02999997138977
11,3772,Parrot-Phelan RST,PP RST,2026-04-22T09:00:40Z,Start trap & begin trapping,N/A; not a sampling visit,Trap not in service,,,4.40000009536743,Yes,727.0,,10.1999998092651,2.02999997138977
11,3773,Parrott-Phelan canal trap box,canal trap box,2026-04-23T09:45:38Z,Continue trapping,Processed fish,Trap functioning normally,,,,Yes,686.0,,10.1000003814697,1.38999998569489
11,3774,Parrot-Phelan RST,PP RST,2026-04-23T10:15:56Z,Continue trapping,Processed fish,Trap functioning normally,6282.0,4.40000009536743,4.40000009536743,Yes,680.0,,10.1000003814697,1.38999998569489
11,3775,Parrott-Phelan canal trap box,canal trap box,2026-04-24T08:30:16Z,Continue trapping,Processed fish,Trap functioning normally,,,,Yes,623.0,,10.8000001907349,1.03999996185303
11,3776,Parrot-Phelan RST,PP RST,2026-04-24T09:00:16Z,Continue trapping,Processed fish,Trap functioning normally,5385.0,4.05000019073486,4.25,Yes,618.0,,10.8000001907349,1.03999996185303
11,3777,Parrott-Phelan canal trap box,canal trap box,2026-04-25T08:15:54Z,Continue trapping,Processed fish,Trap functioning normally,,,,Yes,558.0,,11.1999998092651,0.879999995231628
11,3778,Parrot-Phelan RST,PP RST,2026-04-25T08:45:16Z,Continue trapping,Processed fish,Trap functioning normally,5369.0,3.65000009536743,3.95000004768372,Yes,558.0,,11.1999998092651,0.879999995231628
11,3779,Parrott-Phelan canal trap box,canal trap box,2026-04-26T09:00:46Z,Continue trapping,Processed fish,Trap functioning normally,,,,Yes,511.0,,11.6000003814697,0.769999980926514
11,3780,Parrot-Phelan RST,PP RST,2026-04-26T09:45:17Z,Continue trapping,Processed fish,Trap functioning normally,5254.0,3.70000004768372,3.70000004768372,Yes,511.0,,11.6000003814697,0.769999980926514
11,3781,Parrott-Phelan canal trap box,canal trap box,2026-04-27T09:15:56Z,Continue trapping,Processed fish,Trap functioning normally,,,,Yes,466.0,,10.5,0.610000014305115
11,3783,Parrot-Phelan RST,PP RST,2026-04-27T09:45:16Z,Continue trapping,Processed fish,Trap functioning normally,4833.0,3.59999990463257,3.75,Yes,461.0,,10.5,0.610000014305115
11,3784,Parrott-Phelan canal trap box,canal trap box,2026-04-28T08:45:31Z,Continue trapping,Processed fish,Trap functioning normally,,,,Yes,461.0,,10.3000001907349,0.579999983310699
11,3785,Parrot-Phelan RST,PP RST,2026-04-28T09:15:24Z,Continue trapping,Processed fish,Trap functioning normally,4663.0,3.59999990463257,3.5,Yes,466.0,,10.3000001907349,0.579999983310699
11,3786,Parrott-Phelan canal trap box,canal trap box,2026-04-29T08:45:37Z,Continue trapping,Processed fish,Trap functioning normally,,,,Yes,466.0,,10.6999998092651,0.800000011920929
11,3787,Parrot-Phelan RST,PP RST,2026-04-29T09:00:56Z,Continue trapping,Processed fish,Trap functioning normally,4836.0,3.79999995231628,3.40000009536743,Yes,466.0,,10.6999998092651,0.800000011920929
11,3788,Parrott-Phelan canal trap box,canal trap box,2026-04-30T08:15:16Z,Continue trapping,Processed fish,Trap functioning normally,,,,Yes,418.0,,11.6000003814697,0.649999976158142
11,3789,Parrot-Phelan RST,PP RST,2026-04-30T09:00:42Z,Continue trapping,Processed fish,Trap functioning normally,4736.0,3.20000004768372,3.25,Yes,423.0,,11.6000003814697,0.649999976158142
11,3790,Parrott-Phelan canal trap box,canal trap box,2026-05-01T09:45:50Z,Continue trapping,Processed fish,Trap functioning normally,,,,Yes,461.0,,13.3999996185303,0.740000009536743
11,3791,Parrot-Phelan RST,PP RST,2026-05-01T10:30:23Z,Continue trapping,Processed fish,Trap functioning normally,5095.0,3.29999995231628,3.40000009536743,Yes,461.0,,13.3999996185303,0.740000009536743
11,3792,Parrott-Phelan canal trap box,canal trap box,2026-05-02T09:00:22Z,Continue trapping,Processed fish,Trap functioning normally,,,,Yes,446.0,,13.1000003814697,0.730000019073486
11,3793,Parrot-Phelan RST,PP RST,2026-05-02T09:30:15Z,Continue trapping,Processed fish,Trap functioning normally,4605.0,3.34999990463257,3.29999995231628,Yes,442.0,,13.1000003814697,0.730000019073486
11,3794,Parrott-Phelan canal trap box,canal trap box,2026-05-03T09:15:03Z,Continue trapping,Processed fish,Trap functioning normally,,,,Yes,432.0,,13.3999996185303,0.709999978542328
11,3795,Parrot-Phelan RST,PP RST,2026-05-03T09:45:33Z,Continue trapping,Processed fish,Trap functioning normally,4770.0,3.45000004768372,3.90000009536743,Yes,432.0,,13.3999996185303,0.709999978542328
11,3796,Parrott-Phelan canal trap box,canal trap box,2026-05-04T09:00:55Z,Continue trapping,Processed fish,Trap functioning normally,,,,Yes,481.0,,12.8000001907349,0.879999995231628
11,3797,Parrot-Phelan RST,PP RST,2026-05-04T09:30:36Z,Continue trapping,Processed fish,Trap functioning normally,4747.0,3.5,3.75,Yes,476.0,,12.8000001907349,0.879999995231628
11,3798,Parrott-Phelan canal trap box,canal trap box,2026-05-05T09:15:46Z,Continue trapping,Processed fish,Trap functioning normally,,,,Yes,442.0,,11.8999996185303,0.730000019073486
11,3799,Parrot-Phelan RST,PP RST,2026-05-05T09:45:41Z,Continue trapping,Processed fish,Trap functioning normally,4857.0,3.5,3.70000004768372,Yes,442.0,,11.8999996185303,0.730000019073486
11,3800,Parrot-Phelan RST,PP RST,2026-05-06T09:45:28Z,Continue trapping,Processed fish,Trap functioning normally,4672.0,3.20000004768372,3.20000004768372,Yes,413.0,,12.1000003814697,0.529999971389771
11,3801,Parrot-Phelan RST,PP RST,2026-05-07T09:30:36Z,Continue trapping,Processed fish,Trap functioning normally,4591.0,3.40000009536743,3.25,Yes,385.0,,13.8000001907349,0.610000014305115
11,3802,Parrott-Phelan canal trap box,canal trap box,2026-05-06T09:15:53Z,Continue trapping,Processed fish,Trap functioning normally,,,,Yes,413.0,,12.1000003814697,0.529999971389771
11,3803,Parrott-Phelan canal trap box,canal trap box,2026-05-07T09:15:23Z,Continue trapping,Processed fish,Trap functioning normally,,,,Yes,385.0,,13.8000001907349,0.610000014305115
11,3804,Parrott-Phelan canal trap box,canal trap box,2026-05-08T08:30:16Z,Continue trapping,Processed fish,Trap functioning normally,,,,Yes,376.0,,14.3000001907349,0.639999985694885
11,3805,Parrot-Phelan RST,PP RST,2026-05-08T09:00:30Z,Continue trapping,Processed fish,Trap functioning normally,4431.0,3.45000004768372,3.25,Yes,381.0,,14.3000001907349,0.639999985694885
11,3806,Parrott-Phelan canal trap box,canal trap box,2026-05-09T08:45:35Z,Continue trapping,Processed fish,Trap functioning normally,,,,Yes,363.0,,14.8999996185303,0.639999985694885
11,3807,Parrot-Phelan RST,PP RST,2026-05-09T09:30:01Z,Continue trapping,Processed fish,Trap functioning normally,4564.0,3.34999990463257,3.29999995231628,Yes,367.0,,14.8999996185303,0.639999985694885
11,3808,Parrott-Phelan canal trap box,canal trap box,2026-05-10T09:15:06Z,Continue trapping,Processed fish,Trap functioning normally,,,,Yes,359.0,,15.6999998092651,0.620000004768372
11,3809,Parrot-Phelan RST,PP RST,2026-05-10T10:00:43Z,Continue trapping,Processed fish,Trap functioning normally,4671.0,3.5,3.45000004768372,Yes,359.0,,15.6999998092651,0.620000004768372
11,3810,Parrott-Phelan canal trap box,canal trap box,2026-05-11T09:00:48Z,Continue trapping,Processed fish,Trap functioning normally,,,,Yes,345.0,,15.8999996185303,0.610000014305115
11,3811,Parrot-Phelan RST,PP RST,2026-05-11T09:30:46Z,Continue trapping,Processed fish,Trap functioning normally,4536.0,3.5,3.29999995231628,Yes,350.0,,15.8999996185303,0.610000014305115
11,3812,Parrot-Phelan RST,PP RST,2026-05-12T09:00:18Z,Continue trapping,Processed fish,Trap functioning normally,4671.0,3.59999990463257,3.54999995231628,Yes,324.0,,15.6999998092651,0.660000026226044
11,3813,Parrott-Phelan canal trap box,canal trap box,2026-05-12T08:15:36Z,Continue trapping,Processed fish,Trap functioning normally,,,,Yes,320.0,,15.6999998092651,0.660000026226044
11,3814,Parrott-Phelan canal trap box,canal trap box,2026-05-13T08:45:53Z,Continue trapping,Processed fish,Trap functioning normally,,,,Yes,316.0,,15.3999996185303,0.660000026226044
11,3815,Parrot-Phelan RST,PP RST,2026-05-13T09:30:09Z,Continue trapping,Processed fish,Trap functioning normally,4790.0,3.45000004768372,3.59999990463257,Yes,311.0,,15.3999996185303,0.660000026226044
11,3816,Parrot-Phelan RST,PP RST,2026-05-14T10:00:22Z,Continue trapping,Processed fish,Trap functioning normally,4695.0,3.40000009536743,3.40000009536743,Yes,315.0,,15.3999996185303,0.569999992847443
11,3817,Parrott-Phelan canal trap box,canal trap box,2026-05-14T09:45:36Z,Continue trapping,Processed fish,Trap functioning normally,,,,Yes,315.0,,15.3999996185303,0.569999992847443
11,3818,Parrott-Phelan canal trap box,canal trap box,2026-05-15T09:30:15Z,Continue trapping,Processed fish,Trap functioning normally,,,,Yes,316.0,,15.3000001907349,0.490000009536743
11,3819,Parrot-Phelan RST,PP RST,2026-05-15T10:15:11Z,Continue trapping,Processed fish,Trap functioning normally,4948.0,3.40000009536743,3.5,Yes,316.0,,15.3000001907349,0.490000009536743
11,3820,Parrot-Phelan RST,PP RST,2026-05-16T09:15:59Z,Continue trapping,Processed fish,Trap functioning normally,4881.0,3.79999995231628,3.75,Yes,816.0,,14.6000003814697,0.5
11,3821,Parrott-Phelan canal trap box,canal trap box,2026-05-16T09:00:16Z,Continue trapping,Processed fish,Trap functioning normally,,,,Yes,307.0,,14.6000003814697,0.5
11,3822,Parrott-Phelan canal trap box,canal trap box,2026-05-17T08:15:19Z,Continue trapping,Processed fish,Trap functioning normally,,,,Yes,303.0,,13.6000003814697,0.490000009536743
11,3823,Parrot-Phelan RST,PP RST,2026-05-17T09:45:56Z,Continue trapping,Processed fish,Trap functioning normally,4395.0,2.70000004768372,3.59999990463257,Yes,303.0,,13.6000003814697,0.490000009536743
11,3824,Parrot-Phelan RST,PP RST,2026-05-18T10:00:30Z,Continue trapping,Processed fish,Trap functioning normally,4213.0,2.75,3.34999990463257,Yes,328.0,,13.3000001907349,0.479999989271164
11,3825,Parrott-Phelan canal trap box,canal trap box,2026-05-18T09:15:11Z,Continue trapping,Processed fish,Trap functioning normally,,,,Yes,332.0,,13.3000001907349,0.479999989271164
11,3826,Parrot-Phelan RST,PP RST,2026-05-19T09:30:08Z,Continue trapping,Processed fish,Trap functioning normally,4530.0,3.25,3.75,Yes,,,12.8999996185303,0.449999988079071
11,3827,Parrott-Phelan canal trap box,canal trap box,2026-05-19T08:15:50Z,Continue trapping,Processed fish,Trap functioning normally,,,,Yes,,,12.8999996185303,0.449999988079071
11,3828,Parrott-Phelan canal trap box,canal trap box,2026-05-20T08:30:03Z,Continue trapping,Processed fish,Trap functioning normally,,,,Yes,283.0,,13.6000003814697,0.449999988079071
11,3829,Parrot-Phelan RST,PP RST,2026-05-20T09:00:00Z,Continue trapping,Processed fish,Trap functioning normally,4812.0,3.54999995231628,3.54999995231628,Yes,287.0,,13.6000003814697,0.449999988079071
11,3830,Parrott-Phelan canal trap box,canal trap box,2026-05-21T08:30:25Z,Continue trapping,Processed fish,Trap functioning normally,,,,Yes,287.0,,14.3999996185303,0.439999997615814
11,3831,Parrot-Phelan RST,PP RST,2026-05-21T09:00:52Z,Continue trapping,Processed fish,Trap functioning normally,4793.0,3.45000004768372,3.54999995231628,Yes,283.0,,14.3999996185303,0.439999997615814
11,3832,Parrott-Phelan canal trap box,canal trap box,2026-05-22T08:45:19Z,Continue trapping,Processed fish,Trap functioning normally,,,,Yes,287.0,,15.1999998092651,0.5
11,3833,Parrot-Phelan RST,PP RST,2026-05-22T09:15:52Z,Continue trapping,Processed fish,Trap functioning normally,,2.95000004768372,3.09999990463257,Yes,287.0,,15.1999998092651,0.5
11,3834,Parrot-Phelan RST,PP RST,2026-05-23T08:45:14Z,Continue trapping,Processed fish,Trap functioning normally,4698.0,3.5,3.25,Yes,283.0,,15.5,0.569999992847443
11,3835,Parrott-Phelan canal trap box,canal trap box,2026-05-23T08:30:28Z,Continue trapping,Processed fish,Trap functioning normally,,,,Yes,279.0,,15.5,0.569999992847443
11,3836,Parrott-Phelan canal trap box,canal trap box,2026-05-24T08:15:17Z,Continue trapping,Processed fish,Trap functioning normally,,,,Yes,267.0,,15.5,0.560000002384186
11,3837,Parrot-Phelan RST,PP RST,2026-05-24T08:45:26Z,Continue trapping,Processed fish,Trap functioning normally,4348.0,3.0,2.65000009536743,Yes,275.0,,15.5,0.560000002384186
11,3838,Parrott-Phelan canal trap box,canal trap box,2026-05-25T08:45:34Z,Continue trapping,Processed fish,Trap functioning normally,,,,Yes,271.0,,15.5,0.560000002384186
11,3839,Parrot-Phelan RST,PP RST,2026-05-25T09:00:32Z,Continue trapping,Processed fish,Trap functioning normally,4431.0,2.95000004768372,3.54999995231628,Yes,271.0,,15.5,0.560000002384186
11,3840,Parrott-Phelan canal trap box,canal trap box,2026-05-26T08:15:58Z,Continue trapping,Processed fish,Trap functioning normally,,,,Yes,267.0,,14.8999996185303,0.579999983310699
11,3841,Parrot-Phelan RST,PP RST,2026-05-26T08:30:24Z,Continue trapping,Processed fish,Trap functioning normally,4438.0,3.40000009536743,3.59999990463257,Yes,271.0,,14.8999996185303,0.579999983310699
11,3842,Parrott-Phelan canal trap box,canal trap box,2026-05-27T08:30:05Z,Continue trapping,Processed fish,Trap functioning normally,,,,Yes,303.0,,13.3999996185303,0.839999973773956
11,3843,Parrot-Phelan RST,PP RST,2026-05-27T09:00:40Z,Continue trapping,Processed fish,Trap functioning normally,4700.0,3.25,3.25,Yes,311.0,,13.3999996185303,0.839999973773956
11,3844,Parrott-Phelan canal trap box,canal trap box,2026-05-28T09:15:49Z,Continue trapping,Processed fish,Trap functioning normally,,,,Yes,303.0,,13.1000003814697,0.449999988079071
11,3845,Parrot-Phelan RST,PP RST,2026-05-28T09:30:43Z,Continue trapping,Processed fish,Trap functioning normally,4418.0,3.25,3.59999990463257,Yes,307.0,,13.1000003814697,0.449999988079071
11,3846,Parrott-Phelan canal trap box,canal trap box,2026-05-29T08:45:12Z,Continue trapping,Processed fish,Trap functioning normally,,,,Yes,341.0,,12.8000001907349,0.769999980926514
11,3847,Parrot-Phelan RST,PP RST,2026-05-29T09:00:02Z,Continue trapping,Processed fish,Trap functioning normally,4851.0,3.54999995231628,3.40000009536743,Yes,341.0,,12.8000001907349,0.769999980926514
11,3848,Parrot-Phelan RST,PP RST,2026-05-30T08:45:05Z,Continue trapping,Processed fish,Trap functioning normally,4569.0,3.45000004768372,3.20000004768372,Yes,,,12.8999996185303,0.519999980926514
11,3849,Parrott-Phelan canal trap box,canal trap box,2026-05-30T08:15:10Z,Continue trapping,Processed fish,Trap functioning normally,,,,Yes,307.0,,12.8999996185303,0.519999980926514
11,3850,Parrott-Phelan canal trap box,canal trap box,2026-05-31T08:15:03Z,Continue trapping,Processed fish,Trap functioning normally,,,,Yes,291.0,,13.5,0.550000011920929
11,3851,Parrot-Phelan RST,PP RST,2026-05-31T08:45:18Z,Continue trapping,Processed fish,Trap functioning normally,4443.0,3.20000004768372,3.15000009536743,Yes,287.0,,13.5,0.550000011920929
11,3852,Parrot-Phelan RST,PP RST,2026-06-01T09:00:34Z,Continue trapping,Processed fish,Trap functioning normally,4126.0,3.04999995231628,3.15000009536743,Yes,275.0,,14.3000001907349,0.5
11,3853,Parrott-Phelan canal trap box,canal trap box,2026-06-01T08:30:55Z,Continue trapping,Processed fish,Trap functioning normally,,,,Yes,275.0,,14.3000001907349,0.5
11,3854,Parrott-Phelan canal trap box,canal trap box,2026-06-02T08:15:21Z,Continue trapping,Processed fish,Trap functioning normally,,,,Yes,275.0,,15.1000003814697,0.670000016689301
11,3855,Parrot-Phelan RST,PP RST,2026-06-02T08:45:04Z,Continue trapping,Processed fish,Trap functioning normally,41114.0,3.45000004768372,3.54999995231628,Yes,267.0,,15.1000003814697,0.670000016689301
11,3856,Parrot-Phelan RST,PP RST,2026-06-03T09:15:32Z,Continue trapping,Processed fish,Trap functioning normally,4901.0,3.65000009536743,3.70000004768372,Yes,263.0,,16.6000003814697,0.430000007152557
11,3857,Parrott-Phelan canal trap box,canal trap box,2026-06-03T09:00:50Z,Continue trapping,Processed fish,Trap functioning normally,,,,Yes,263.0,,16.6000003814697,0.430000007152557
11,3858,Parrot-Phelan RST,PP RST,2026-06-04T09:00:01Z,Continue trapping,Processed fish,Trap functioning normally,4812.0,3.59999990463257,3.45000004768372,Yes,263.0,,16.7000007629395,0.540000021457672
11,3859,Parrott-Phelan canal trap box,canal trap box,2026-06-04T08:30:00Z,Continue trapping,Processed fish,Trap functioning normally,,,,Yes,263.0,,16.7000007629395,0.540000021457672
11,3860,Parrot-Phelan RST,PP RST,2026-06-05T09:45:54Z,Continue trapping,Processed fish,Trap functioning normally,4799.0,3.40000009536743,3.40000009536743,Yes,263.0,,17.2999992370605,0.490000009536743
11,3861,Parrott-Phelan canal trap box,canal trap box,2026-06-05T09:15:18Z,Continue trapping,Processed fish,Trap functioning normally,,,,Yes,263.0,,17.2999992370605,0.490000009536743
11,3862,Parrott-Phelan canal trap box,canal trap box,2026-06-06T08:30:11Z,Continue trapping,Processed fish,Trap functioning normally,,,,Yes,259.0,,16.7000007629395,0.550000011920929
11,3863,Parrot-Phelan RST,PP RST,2026-06-06T09:00:32Z,Continue trapping,Processed fish,Trap functioning normally,4462.0,3.29999995231628,3.34999990463257,Yes,263.0,,16.7000007629395,0.550000011920929
11,3864,Parrott-Phelan canal trap box,canal trap box,2026-06-07T08:15:53Z,Continue trapping,Processed fish,Trap functioning normally,,,,Yes,251.0,,15.8999996185303,0.620000004768372
11,3865,Parrot-Phelan RST,PP RST,2026-06-07T08:45:07Z,Continue trapping,Processed fish,Trap functioning normally,4281.0,3.09999990463257,3.34999990463257,Yes,248.0,,15.8999996185303,0.620000004768372
11,3866,Parrott-Phelan canal trap box,canal trap box,2026-06-08T08:30:32Z,Continue trapping,Processed fish,Trap functioning normally,,,,Yes,248.0,,16.0,0.5
11,3867,Parrot-Phelan RST,PP RST,2026-06-08T08:45:16Z,Continue trapping,Processed fish,Trap functioning normally,4309.0,3.04999995231628,3.40000009536743,Yes,251.0,,16.0,0.5
11,3868,Parrott-Phelan canal trap box,canal trap box,2026-06-09T08:30:15Z,Continue trapping,Processed fish,Trap functioning normally,,,,Yes,259.0,,15.5,0.730000019073486
11,3869,Parrot-Phelan RST,PP RST,2026-06-09T09:00:48Z,Continue trapping,Processed fish,Trap functioning normally,4957.0,3.5,3.65000009536743,Yes,,,15.5,0.730000019073486
11,3870,Parrott-Phelan canal trap box,canal trap box,2026-06-10T08:30:30Z,Continue trapping,Processed fish,Trap functioning normally,,,,Yes,248.0,,15.3999996185303,0.629999995231628
11,3871,Parrot-Phelan RST,PP RST,2026-06-10T09:00:33Z,Continue trapping,Processed fish,Trap functioning normally,4606.0,3.40000009536743,3.65000009536743,Yes,244.0,,15.3999996185303,0.629999995231628
11,3872,Parrott-Phelan canal trap box,canal trap box,2026-06-11T08:30:43Z,End trapping,Processed fish,Trap stopped functioning,,,,Yes,244.0,,15.8999996185303,0.509999990463257
11,3873,Parrot-Phelan RST,PP RST,2026-06-11T08:30:15Z,Continue trapping,Processed fish,Trap functioning normally,4832.0,3.34999990463257,3.5,Yes,248.0,,15.8999996185303,0.509999990463257
11,3874,Parrot-Phelan RST,PP RST,2026-06-12T09:15:48Z,End trapping,Processed fish,Trap functioning normally,4682.0,3.25,,Yes,233.0,,17.1000003814697,0.610000014305115
